{"background":false,"fps":24,"movieclips":[{"id":"s0","type":"sprite","labels":{},"timeline":[[["s0d1m5",1,"1 0 0 1 125 96"],["s0d1m5",0,1],["s0d11m10",1,"1 0 0 1 57 332.95"],["s0d11m10",0,1],["s0d11m10",5,"s10,bttn_prev,Prev,Go to previous slide"],["s0d13m10",1,"1 0 0 1 433.5 332.95"],["s0d13m10",0,1],["s0d13m10",5,"s10,bttn_next,Next,Go to next slide"]],[["s0d1m5",1,"1 0 0 1 129.35 99"]],[["s0d1m5",1,"1 0 0 1 133.7 102.05"]],[["s0d1m5",1,"1 0 0 1 138.05 105.05"]],[["s0d1m5",1,"1 0 0 1 142.4 108.1"]],[["s0d1m5",1,"1 0 0 1 146.75 111.1"]],[["s0d1m5",1,"1 0 0 1 151.1 114.1"]],[["s0d1m5",1,"1 0 0 1 155.45 117.15"]],[["s0d1m5",1,"1 0 0 1 159.8 120.15"]],[["s0d1m5",1,"1 0 0 1 164.1 123.15"],["s0d5m12",1,"1 0 0 1 102 74"],["s0d5m12",0,1]],[["s0d1m5",1,"1 0 0 1 168.45 126.2"]],[["s0d1m5",1,"1 0 0 1 172.8 129.2"]],[["s0d1m5",1,"1 0 0 1 177.15 132.25"]],[["s0d1m5",1,"1 0 0 1 181.5 135.25"]],[["s0d1m5",1,"1 0 0 1 185.85 138.25"],["s0d7m14",1,"1 0 0 1 152.8 269.95"],["s0d7m14",0,1]],[["s0d1m5",1,"1 0 0 1 190.2 141.3"]],[["s0d1m5",1,"1 0 0 1 194.55 144.3"]],[["s0d1m5",1,"1 0 0 1 198.9 147.35"]],[["s0d1m5",1,"1 0 0 1 203.25 150.35"]],[["s0d1m5",1,"1 0 0 1 207.6 153.35"]],[["s0d5m12",0,0],["s0d1m5",1,"1 0 0 1 211.95 156.4"]],[["s0d1m5",1,"1 0 0 1 216.3 159.4"]],[["s0d1m5",1,"1 0 0 1 220.65 162.45"]],[["s0d1m5",1,"1 0 0 1 225 165.45"],["s0d9m16",1,"1 0 0 1 277.8 28.95"],["s0d9m16",0,1]],[["s0d1m5",1,"1 0 0 1 229.35 168.45"],["$",4,"stop"]],[["s0d11m10",0,0],["s0d13m10",0,0],["s0d1m5",1,"1 0 0 1 233.7 171.5"],["s0d13m21",1,"1 0 0 1 264.3 333.95"],["s0d13m21",0,1],["s0d13m21",5,"s21,bttn_end,Finish and close,Finish and close application"]],[["s0d1m5",1,"1 0 0 1 238 174.5"]],[["s0d7m14",0,0],["s0d1m5",1,"1 0 0 1 242.35 177.55"]],[["s0d1m5",1,"1 0 0 1 246.7 180.55"]],[["s0d1m5",1,"1 0 0 1 251.05 183.55"]],[["s0d1m5",1,"1 0 0 1 255.4 186.6"]],[["s0d1m5",1,"1 0 0 1 259.75 189.6"],["s0d11m23",1,"1 0 0 1 41.8 316.9"],["s0d11m23",0,1]],[["s0d1m5",1,"1 0 0 1 264.1 192.6"]],[["s0d1m5",1,"1 0 0 1 268.45 195.65"]],[["s0d1m5",1,"1 0 0 1 272.8 198.65"]],[["s0d1m5",1,"1 0 0 1 277.15 201.7"]],[["s0d9m16",0,0],["s0d1m5",1,"1 0 0 1 281.5 204.7"]],[["s0d1m5",1,"1 0 0 1 285.85 207.7"]],[["s0d1m5",1,"1 0 0 1 290.2 210.75"]],[["s0d1m5",1,"1 0 0 1 294.55 213.75"]],[["s0d1m5",1,"1 0 0 1 298.9 216.8"]],[["s0d11m23",0,0],["s0d1m5",1,"1 0 0 1 303.2 219.8"]],[["s0d1m5",1,"1 0 0 1 307.55 222.8"]],[["s0d1m5",1,"1 0 0 1 311.9 225.85"]],[["s0d1m5",1,"1 0 0 1 316.25 228.85"]],[["s0d1m5",1,"1 0 0 1 320.6 231.85"]],[["s0d1m5",1,"1 0 0 1 324.95 234.9"]],[["s0d1m5",1,"1 0 0 1 329.3 237.9"]],[["s0d1m5",1,"1 0 0 1 333.65 240.95"]],[["s0d1m5",1,"1 0 0 1 338 243.95"],["$",4,"stop"]]]},{"id":"s5","type":"sprite","labels":{},"timeline":[[["s5d1m1",1,"1 0 0 1 0 0"],["s5d1m1",0,1]],[],[],[],[],[],[],[],[],[],[],[],[],[],[],[],[],[],[],[],[],[],[],[],[],[],[],[],[],[],[],[],[],[],[],[],[],[],[],[],[],[],[],[],[],[],[],[],[],[["s5d2m3",1,"1 0 0 1 -8 -57"],["s5d2m3",0,1],["s5d3m4",1,"1 0 0 1 -109 360.95"],["s5d3m4",0,1],["$",4,"stop"]]]},{"id":"s10","type":"button","labels":{"HIT":3},"timeline":[[["s10d1m6",1,"1 0 0 1 0 0"],["s10d1m6",0,1]],[["s10d1m6",0,0],["s10d1m7",1,"1 0 0 1 0 0"],["s10d1m7",0,1]],[["s10d1m7",0,0],["s10d1m8",1,"1 0 0 1 0 0"],["s10d1m8",0,1]],[["s10d1m8",0,0],["s10d99m9",1,"1 0 0 1 0 0"],["s10d99m9",0,1]]]},{"id":"s12","type":"sprite","labels":{},"timeline":[[["s12d1m11",1,"1 0 0 1 2 2"],["s12d1m11",0,1]]]},{"id":"s14","type":"sprite","labels":{},"timeline":[[["s14d1m13",1,"1 0 0 1 2 2"],["s14d1m13",0,1]]]},{"id":"s16","type":"sprite","labels":{},"timeline":[[["s16d1m15",1,"1 0 0 1 2 2"],["s16d1m15",0,1]]]},{"id":"s21","type":"button","labels":{"HIT":3},"timeline":[[["s21d1m17",1,"1 0 0 1 0 0"],["s21d1m17",0,1]],[["s21d1m17",0,0],["s21d1m18",1,"1 0 0 1 0 0"],["s21d1m18",0,1]],[["s21d1m18",0,0],["s21d1m19",1,"1 0 0 1 0 0"],["s21d1m19",0,1]],[["s21d1m19",0,0],["s21d99m20",1,"1 0 0 1 0 0"],["s21d99m20",0,1]]]},{"id":"s23","type":"sprite","labels":{},"timeline":[[["s23d1m22",1,"1 0 0 1 2 2"],["s23d1m22",0,1]]]}],"version":2}